,Symbol,Series,Date,PrevClose,OpenPrice,HighPrice,LowPrice,LastPrice,ClosePrice,AveragePrice,TotalTradedQuantity,TurnoverInRs,No.ofTrades,DeliverableQty,%DlyQttoTradedQty,Ticker,Asset Type
0,NIFTYBEES,EQ,09-Aug-2023,215.79,216.85,216.85,212.8,216.5,216.49,215.39,"20,25,167","43,61,92,790.66","22,818","15,20,530",75.08,NIFTYBEES,ETF
1,NIFTYBEES,EQ,10-Aug-2023,216.49,217.27,217.27,215.01,215.45,215.33,215.57,"21,00,995","45,29,01,973.43","25,814","15,58,558",74.18,NIFTYBEES,ETF
2,NIFTYBEES,EQ,11-Aug-2023,215.33,217.21,217.21,214.25,214.5,214.4,214.62,"23,85,921","51,20,65,839.28","28,017","17,49,126",73.31,NIFTYBEES,ETF
3,NIFTYBEES,EQ,14-Aug-2023,214.4,217.82,217.82,211.65,214.45,214.51,213.58,"28,78,972","61,48,77,213.98","39,005","17,92,489",62.26,NIFTYBEES,ETF
4,NIFTYBEES,EQ,16-Aug-2023,214.51,218.47,218.47,212.68,214.58,214.57,214.01,"16,04,526","34,33,89,651.53","33,247","9,68,904",60.39,NIFTYBEES,ETF
5,NIFTYBEES,EQ,17-Aug-2023,214.57,218.17,218.17,208.15,213.6,213.7,213.79,"15,82,007","33,82,12,810.82","23,177","12,41,597",78.48,NIFTYBEES,ETF
6,NIFTYBEES,EQ,18-Aug-2023,213.7,218.19,218.19,212.31,212.9,213.0,212.93,"24,86,828","52,95,23,117.37","32,927","17,73,661",71.32,NIFTYBEES,ETF
7,NIFTYBEES,EQ,21-Aug-2023,213.0,213.69,213.98,212.0,213.35,213.5,213.51,"29,77,924","63,58,04,559.96","31,315","25,64,945",86.13,NIFTYBEES,ETF
8,NIFTYBEES,EQ,22-Aug-2023,213.5,218.11,218.11,213.1,213.58,213.43,213.55,"19,83,391","42,35,50,816.46","18,414","14,84,825",74.86,NIFTYBEES,ETF
9,NIFTYBEES,EQ,23-Aug-2023,213.43,216.4,216.4,212.78,214.27,214.37,214.07,"15,50,674","33,19,51,176.18","25,108","12,23,248",78.88,NIFTYBEES,ETF
10,NIFTYBEES,EQ,24-Aug-2023,214.37,218.47,218.47,213.33,213.62,213.77,214.67,"25,26,797","54,24,22,884.21","25,137","17,10,631",67.7,NIFTYBEES,ETF
11,NIFTYBEES,EQ,25-Aug-2023,213.77,207.35,214.48,207.35,212.51,212.76,212.79,"26,46,009","56,30,48,682.95","27,478","19,25,431",72.77,NIFTYBEES,ETF
12,NIFTYBEES,EQ,28-Aug-2023,212.76,217.47,217.47,211.0,213.09,212.87,213.08,"15,48,577","32,99,76,661.16","36,129","9,73,065",62.84,NIFTYBEES,ETF
13,NIFTYBEES,EQ,29-Aug-2023,212.87,217.47,217.47,212.8,213.36,213.16,213.12,"13,14,371","28,01,19,549.59","18,034","8,44,878",64.28,NIFTYBEES,ETF
14,NIFTYBEES,EQ,30-Aug-2023,213.16,217.47,217.47,207.65,213.75,213.54,213.8,"15,83,782","33,86,10,581.76","16,264","11,55,774",72.98,NIFTYBEES,ETF
15,NIFTYBEES,EQ,31-Aug-2023,213.54,207.15,217.47,207.15,213.2,212.77,213.05,"28,21,233","60,10,72,955.26","28,125","23,83,817",84.5,NIFTYBEES,ETF
16,NIFTYBEES,EQ,01-Sep-2023,212.77,216.87,216.87,212.0,214.45,214.27,213.74,"19,29,234","41,23,49,063.56","33,611","15,00,054",77.75,NIFTYBEES,ETF
17,NIFTYBEES,EQ,04-Sep-2023,214.27,217.47,217.47,207.85,215.65,215.59,215.1,"19,25,839","41,42,51,621.25","43,018","14,58,401",75.73,NIFTYBEES,ETF
18,NIFTYBEES,EQ,05-Sep-2023,215.59,216.98,216.98,215.13,216.0,215.84,215.82,"23,33,420","50,36,03,390.03","27,913","17,95,880",76.96,NIFTYBEES,ETF
19,NIFTYBEES,EQ,06-Sep-2023,215.84,217.17,217.17,215.08,216.4,216.22,215.81,"25,16,081","54,29,95,171.82","25,992","19,82,759",78.8,NIFTYBEES,ETF
20,NIFTYBEES,EQ,07-Sep-2023,216.22,217.17,217.5,209.75,217.32,217.29,216.6,"16,70,195","36,17,71,106.73","28,252","11,64,404",69.72,NIFTYBEES,ETF
21,NIFTYBEES,EQ,08-Sep-2023,217.29,218.47,218.78,215.42,218.48,218.41,218.17,"18,86,253","41,15,30,225.74","23,897","13,91,041",73.75,NIFTYBEES,ETF
22,NIFTYBEES,EQ,11-Sep-2023,218.41,219.55,220.5,217.18,220.4,220.38,219.82,"28,65,226","62,98,37,505.84","38,358","18,54,913",64.74,NIFTYBEES,ETF
23,NIFTYBEES,EQ,12-Sep-2023,220.38,221.98,221.98,219.4,220.1,220.19,220.37,"24,29,267","53,53,26,710.45","26,652","16,35,720",67.33,NIFTYBEES,ETF
24,NIFTYBEES,EQ,13-Sep-2023,220.19,221.59,221.8,219.45,221.47,221.43,221.1,"27,77,591","61,41,27,240.45","20,576","22,57,041",81.26,NIFTYBEES,ETF
25,NIFTYBEES,EQ,14-Sep-2023,221.43,222.73,222.73,221.0,221.6,221.53,221.56,"39,91,183","88,42,82,445.22","23,042","25,10,197",62.89,NIFTYBEES,ETF
26,NIFTYBEES,EQ,15-Sep-2023,221.53,222.73,222.81,221.11,222.4,222.57,222.38,"23,69,619","52,69,55,211.16","23,599","17,61,981",74.36,NIFTYBEES,ETF
27,NIFTYBEES,EQ,18-Sep-2023,222.57,222.25,222.57,216.0,221.89,221.92,222.21,"23,15,850","51,46,03,085.14","30,806","16,84,636",72.74,NIFTYBEES,ETF
28,NIFTYBEES,EQ,20-Sep-2023,221.92,220.99,221.0,219.3,219.77,219.6,220.0,"33,24,262","73,13,22,310.42","43,415","24,95,191",75.06,NIFTYBEES,ETF
29,NIFTYBEES,EQ,21-Sep-2023,219.6,213.0,226.2,213.0,217.66,217.63,217.76,"30,45,078","66,30,90,172.97","32,689","24,55,682",80.64,NIFTYBEES,ETF
30,NIFTYBEES,EQ,22-Sep-2023,217.63,219.63,219.63,216.38,217.0,216.81,217.23,"41,09,713","89,27,71,908.41","30,036","24,88,114",60.54,NIFTYBEES,ETF
31,NIFTYBEES,EQ,25-Sep-2023,216.81,218.79,218.79,216.08,216.85,216.8,216.64,"22,39,994","48,52,62,962.04","29,775","15,90,257",70.99,NIFTYBEES,ETF
32,NIFTYBEES,EQ,26-Sep-2023,216.8,217.92,217.92,215.18,216.68,216.57,216.81,"13,30,688","28,85,10,438.78","17,569","9,89,095",74.33,NIFTYBEES,ETF
33,NIFTYBEES,EQ,27-Sep-2023,216.57,218.47,218.47,210.05,217.6,217.56,216.53,"22,57,394","48,87,93,217.30","21,800","13,54,304",59.99,NIFTYBEES,ETF
34,NIFTYBEES,EQ,28-Sep-2023,217.56,218.98,218.98,215.45,216.15,215.77,216.38,"34,56,589","74,79,43,205.89","33,143","25,10,896",72.64,NIFTYBEES,ETF
35,NIFTYBEES,EQ,29-Sep-2023,215.77,222.25,222.25,209.3,217.4,216.75,216.82,"22,65,919","49,12,90,591.49","20,682","13,18,952",58.21,NIFTYBEES,ETF
36,NIFTYBEES,EQ,03-Oct-2023,216.75,223.25,223.25,210.25,215.51,215.57,215.49,"43,69,754","94,16,16,908.26","1,01,650","29,46,782",67.44,NIFTYBEES,ETF
37,NIFTYBEES,EQ,04-Oct-2023,215.57,222.05,222.05,213.53,214.5,214.4,214.15,"51,88,713","1,11,11,77,333.08","59,095","38,47,574",74.15,NIFTYBEES,ETF
38,NIFTYBEES,EQ,05-Oct-2023,214.4,220.85,220.85,214.41,215.47,215.53,215.55,"20,06,257","43,24,51,421.79","29,646","13,74,482",68.51,NIFTYBEES,ETF
39,NIFTYBEES,EQ,06-Oct-2023,215.53,214.0,218.7,214.0,217.0,216.62,216.46,"31,25,000","67,64,32,539.53","29,185","21,18,605",67.8,NIFTYBEES,ETF
40,NIFTYBEES,EQ,09-Oct-2023,216.62,223.1,223.1,214.71,215.45,215.48,215.65,"23,14,698","49,91,69,407.30","35,675","16,29,716",70.41,NIFTYBEES,ETF
41,NIFTYBEES,EQ,10-Oct-2023,215.48,221.95,221.95,215.01,217.29,217.13,216.84,"16,10,545","34,92,35,991.81","26,959","10,17,067",63.15,NIFTYBEES,ETF
42,NIFTYBEES,EQ,11-Oct-2023,217.13,214.65,220.39,214.65,218.7,218.76,218.58,"27,73,486","60,62,32,713.34","23,148","19,62,106",70.75,NIFTYBEES,ETF
43,NIFTYBEES,EQ,12-Oct-2023,218.76,225.3,225.3,216.64,218.5,218.6,218.61,"14,80,102","32,35,67,058.20","17,968","10,58,935",71.54,NIFTYBEES,ETF
44,NIFTYBEES,EQ,13-Oct-2023,218.6,220.75,220.75,216.63,218.0,218.07,217.83,"22,32,611","48,63,32,320.60","24,596","14,68,852",65.79,NIFTYBEES,ETF
45,NIFTYBEES,EQ,16-Oct-2023,218.07,222.0,222.0,216.07,217.98,217.9,217.98,"14,72,154","32,09,00,849.22","31,173","9,33,778",63.43,NIFTYBEES,ETF
46,NIFTYBEES,EQ,17-Oct-2023,217.9,224.45,224.45,212.25,218.65,218.55,218.69,"12,66,306","27,69,26,759.38","20,326","7,94,594",62.75,NIFTYBEES,ETF
47,NIFTYBEES,EQ,18-Oct-2023,218.55,219.59,219.59,216.92,217.1,217.2,217.86,"17,61,105","38,36,70,275.21","22,855","13,95,656",79.25,NIFTYBEES,ETF
48,NIFTYBEES,EQ,19-Oct-2023,217.2,220.5,223.7,210.7,216.65,216.67,216.51,"21,93,608","47,49,40,508.25","26,852","15,38,842",70.15,NIFTYBEES,ETF
49,NIFTYBEES,EQ,20-Oct-2023,216.67,219.7,219.7,213.65,216.01,215.3,215.72,"26,42,139","56,99,55,813.52","25,700","16,61,186",62.87,NIFTYBEES,ETF
50,NIFTYBEES,EQ,23-Oct-2023,215.3,221.75,221.75,212.65,214.0,213.17,214.19,"44,73,325","95,81,22,416.41","53,851","37,18,744",83.13,NIFTYBEES,ETF
51,NIFTYBEES,EQ,25-Oct-2023,213.17,215.0,216.6,210.95,211.73,211.48,212.32,"66,26,525","1,40,69,13,574.31","69,198","55,49,054",83.74,NIFTYBEES,ETF
52,NIFTYBEES,EQ,26-Oct-2023,211.48,213.0,214.49,208.36,208.96,208.74,209.0,"1,13,42,653","2,37,05,96,790.86","99,195","99,73,511",87.93,NIFTYBEES,ETF
53,NIFTYBEES,EQ,27-Oct-2023,208.74,210.49,215.0,208.5,210.82,210.57,210.23,"40,91,227","86,01,14,683.48","33,326","28,69,845",70.15,NIFTYBEES,ETF
54,NIFTYBEES,EQ,30-Oct-2023,210.57,211.4,211.99,209.41,211.8,211.52,210.73,"29,18,057","61,49,10,098.03","34,673","16,73,854",57.36,NIFTYBEES,ETF
55,NIFTYBEES,EQ,31-Oct-2023,211.52,212.0,214.0,210.7,211.1,210.98,211.25,"29,51,982","62,36,05,983.77","24,649","18,59,290",62.98,NIFTYBEES,ETF
56,NIFTYBEES,EQ,01-Nov-2023,210.98,213.95,213.95,209.58,210.05,209.99,210.4,"29,99,324","63,10,46,796.50","46,036","26,19,277",87.33,NIFTYBEES,ETF
57,NIFTYBEES,EQ,02-Nov-2023,209.99,213.99,213.99,210.0,211.99,211.64,211.44,"30,51,034","64,51,14,448.40","26,627","24,94,626",81.76,NIFTYBEES,ETF
58,NIFTYBEES,EQ,03-Nov-2023,211.64,212.26,213.77,212.05,212.65,212.69,212.85,"19,92,691","42,41,38,815.93","21,971","12,39,268",62.19,NIFTYBEES,ETF
59,NIFTYBEES,EQ,06-Nov-2023,212.69,218.7,218.7,212.1,214.6,214.56,214.01,"21,67,020","46,37,74,296.16","45,573","13,52,531",62.41,NIFTYBEES,ETF
60,NIFTYBEES,EQ,07-Nov-2023,214.56,215.24,215.25,212.78,214.6,214.49,214.18,"15,97,162","34,20,74,663.11","21,570","11,53,507",72.22,NIFTYBEES,ETF
61,NIFTYBEES,EQ,08-Nov-2023,214.49,215.0,215.2,213.81,214.9,214.83,214.88,"23,92,335","51,40,55,586.90","22,566","17,25,924",72.14,NIFTYBEES,ETF
62,NIFTYBEES,EQ,09-Nov-2023,214.83,215.99,217.0,214.03,214.34,214.3,214.59,"28,42,726","61,00,07,090.58","18,914","23,82,189",83.8,NIFTYBEES,ETF
63,NIFTYBEES,EQ,10-Nov-2023,214.3,214.99,214.99,213.25,214.6,214.24,214.04,"32,87,453","70,36,42,211.86","26,114","26,72,670",81.3,NIFTYBEES,ETF
64,NIFTYBEES,EQ,12-Nov-2023,214.24,216.99,216.99,213.27,215.28,215.16,215.21,"25,10,748","54,03,37,669.70","36,271","16,59,016",66.08,NIFTYBEES,ETF
65,NIFTYBEES,EQ,13-Nov-2023,215.16,215.9,215.99,214.3,214.49,214.55,214.58,"23,54,220","50,51,57,869.26","27,760","16,98,406",72.14,NIFTYBEES,ETF
66,NIFTYBEES,EQ,15-Nov-2023,214.55,215.3,217.23,213.7,217.02,216.97,216.68,"43,68,209","94,65,08,434.68","28,373","35,34,185",80.91,NIFTYBEES,ETF
67,NIFTYBEES,EQ,16-Nov-2023,216.97,217.99,219.25,216.6,218.39,218.16,218.17,"26,94,681","58,78,88,947.41","49,746","17,67,180",65.58,NIFTYBEES,ETF
68,NIFTYBEES,EQ,17-Nov-2023,218.16,224.0,224.0,216.0,218.0,218.02,218.16,"14,71,094","32,09,30,295.67","19,916","10,09,564",68.63,NIFTYBEES,ETF
69,NIFTYBEES,EQ,20-Nov-2023,218.02,218.99,218.99,217.07,217.35,217.35,217.49,"19,71,539","42,87,84,685.18","28,962","12,17,738",61.77,NIFTYBEES,ETF
70,NIFTYBEES,EQ,21-Nov-2023,217.35,219.25,219.25,214.0,218.3,218.39,218.33,"21,21,413","46,31,76,973.68","19,464","17,73,649",83.61,NIFTYBEES,ETF
71,NIFTYBEES,EQ,22-Nov-2023,218.39,219.3,219.3,216.0,218.6,218.53,218.27,"15,31,757","33,43,30,183.50","18,243","10,90,633",71.2,NIFTYBEES,ETF
72,NIFTYBEES,EQ,23-Nov-2023,218.53,219.0,219.2,216.01,218.6,218.56,218.77,"27,11,176","59,31,25,150.86","14,827","19,97,602",73.68,NIFTYBEES,ETF
73,NIFTYBEES,EQ,24-Nov-2023,218.56,225.1,225.1,218.19,218.65,218.48,218.51,"22,28,129","48,68,62,097.97","16,808","16,85,587",75.65,NIFTYBEES,ETF
74,NIFTYBEES,EQ,28-Nov-2023,218.48,225.05,225.05,211.95,219.79,219.56,218.95,"33,74,192","73,87,93,121.15","29,086","24,81,533",73.54,NIFTYBEES,ETF
75,NIFTYBEES,EQ,29-Nov-2023,219.56,221.99,221.99,219.31,221.85,221.66,221.1,"46,92,734","1,03,75,67,513.06","32,660","39,46,783",84.1,NIFTYBEES,ETF
76,NIFTYBEES,EQ,30-Nov-2023,221.66,228.3,228.3,220.38,222.23,222.13,221.62,"45,65,515","1,01,17,89,126.84","23,895","34,80,547",76.24,NIFTYBEES,ETF
77,NIFTYBEES,EQ,01-Dec-2023,222.13,223.99,223.99,221.0,223.7,223.75,223.52,"37,56,906","83,97,49,642.63","36,335","27,59,439",73.45,NIFTYBEES,ETF
78,NIFTYBEES,EQ,04-Dec-2023,223.75,230.45,230.45,225.5,228.0,228.18,227.32,"54,41,571","1,23,69,55,319.00","58,661","36,60,383",67.27,NIFTYBEES,ETF
79,NIFTYBEES,EQ,05-Dec-2023,228.18,228.45,230.28,228.39,230.11,230.06,229.46,"25,77,043","59,13,36,228.93","38,993","17,90,020",69.46,NIFTYBEES,ETF
80,NIFTYBEES,EQ,06-Dec-2023,230.06,231.99,231.99,229.8,231.0,230.94,230.83,"31,16,228","71,93,14,854.56","31,305","19,43,910",62.38,NIFTYBEES,ETF
81,NIFTYBEES,EQ,07-Dec-2023,230.94,231.99,231.99,228.15,230.9,230.83,230.82,"28,82,798","66,54,16,430.45","28,245","20,59,209",71.43,NIFTYBEES,ETF
82,NIFTYBEES,EQ,08-Dec-2023,230.83,231.99,231.99,228.0,231.45,231.36,231.23,"19,18,130","44,35,34,430.36","24,941","11,81,948",61.62,NIFTYBEES,ETF
83,NIFTYBEES,EQ,11-Dec-2023,231.36,229.01,232.1,229.01,231.65,231.79,231.73,"22,02,370","51,03,55,802.17","34,913","14,92,076",67.75,NIFTYBEES,ETF
84,NIFTYBEES,EQ,12-Dec-2023,231.79,232.99,232.99,230.5,231.06,230.96,231.41,"22,37,630","51,78,18,265.94","26,530","15,14,636",67.69,NIFTYBEES,ETF
85,NIFTYBEES,EQ,13-Dec-2023,230.96,231.99,231.99,229.63,231.31,231.15,230.43,"27,58,600","63,56,69,735.84","28,947","18,45,614",66.9,NIFTYBEES,ETF
86,NIFTYBEES,EQ,14-Dec-2023,231.15,232.0,234.5,231.51,234.04,233.99,233.6,"29,43,517","68,76,10,939.24","24,820","22,18,606",75.37,NIFTYBEES,ETF
87,NIFTYBEES,EQ,15-Dec-2023,233.99,236.25,237.0,234.01,236.33,236.62,235.38,"34,18,211","80,45,66,414.86","27,799","21,46,538",62.8,NIFTYBEES,ETF
88,NIFTYBEES,EQ,18-Dec-2023,236.62,236.98,237.0,233.65,236.56,236.57,236.53,"20,68,813","48,93,35,690.16","27,618","10,86,966",52.54,NIFTYBEES,ETF
89,NIFTYBEES,EQ,19-Dec-2023,236.57,237.99,237.99,235.33,236.79,236.7,236.42,"29,00,959","68,58,46,910.06","26,319","15,93,217",54.92,NIFTYBEES,ETF
90,NIFTYBEES,EQ,20-Dec-2023,236.7,237.99,238.88,233.0,233.34,233.25,235.16,"46,92,122","1,10,34,07,718.46","42,177","25,10,268",53.5,NIFTYBEES,ETF
91,NIFTYBEES,EQ,21-Dec-2023,233.25,226.25,238.0,226.25,234.98,234.6,233.48,"41,51,474","96,92,78,382.10","33,912","24,17,863",58.24,NIFTYBEES,ETF
92,NIFTYBEES,EQ,22-Dec-2023,234.6,235.99,236.35,232.01,235.65,235.5,235.61,"29,20,568","68,81,07,360.09","27,167","18,63,145",63.79,NIFTYBEES,ETF
93,NIFTYBEES,EQ,26-Dec-2023,235.5,236.99,237.3,234.88,237.11,236.93,236.57,"17,74,284","41,97,38,474.36","33,871","11,20,413",63.15,NIFTYBEES,ETF
94,NIFTYBEES,EQ,27-Dec-2023,236.93,239.7,239.7,236.18,239.34,238.91,238.07,"43,85,669","1,04,40,87,128.55","34,812","31,71,136",72.31,NIFTYBEES,ETF
95,NIFTYBEES,EQ,28-Dec-2023,238.91,240.0,240.5,238.88,240.25,240.16,239.92,"24,95,578","59,87,34,835.75","26,842","17,06,896",68.4,NIFTYBEES,ETF
96,NIFTYBEES,EQ,29-Dec-2023,240.16,247.35,247.35,238.0,240.3,239.65,239.88,"43,42,820","1,04,17,39,872.78","24,850","28,75,147",66.2,NIFTYBEES,ETF
97,NIFTYBEES,EQ,01-Jan-2024,239.65,240.99,241.14,238.01,240.02,240.35,239.93,"33,01,679","79,21,74,114.85","75,475","18,16,801",55.03,NIFTYBEES,ETF
98,NIFTYBEES,EQ,02-Jan-2024,240.35,241.0,241.0,238.0,239.23,239.21,238.99,"27,24,450","65,11,06,628.58","52,536","16,22,009",59.54,NIFTYBEES,ETF
99,NIFTYBEES,EQ,03-Jan-2024,239.21,240.0,240.0,237.5,237.8,237.74,238.15,"22,53,252","53,66,23,215.85","43,853","16,43,418",72.94,NIFTYBEES,ETF
100,NIFTYBEES,EQ,04-Jan-2024,237.74,237.7,239.59,237.19,239.5,239.3,239.03,"25,92,068","61,95,84,101.96","28,596","18,29,195",70.57,NIFTYBEES,ETF
101,NIFTYBEES,EQ,05-Jan-2024,239.3,239.8,240.0,238.01,239.88,239.74,239.46,"30,17,800","72,26,31,742.13","33,645","20,31,516",67.32,NIFTYBEES,ETF
102,NIFTYBEES,EQ,08-Jan-2024,239.74,242.0,242.0,237.5,237.8,237.68,238.57,"31,09,332","74,17,78,956.02","53,391","20,78,180",66.84,NIFTYBEES,ETF
103,NIFTYBEES,EQ,09-Jan-2024,237.68,239.99,239.99,237.5,237.79,237.78,238.98,"22,63,399","54,09,08,844.40","27,060","15,37,850",67.94,NIFTYBEES,ETF
104,NIFTYBEES,EQ,10-Jan-2024,237.78,238.99,238.99,236.76,238.88,238.76,237.69,"25,57,090","60,78,02,361.33","33,129","13,33,281",52.14,NIFTYBEES,ETF
105,NIFTYBEES,EQ,11-Jan-2024,238.76,239.7,239.7,238.01,239.09,238.87,239.03,"22,28,747","53,27,40,026.61","22,862","16,23,516",72.84,NIFTYBEES,ETF
106,NIFTYBEES,EQ,12-Jan-2024,238.87,239.01,242.35,239.01,242.35,241.73,241.08,"38,29,943","92,33,11,711.41","31,109","25,48,516",66.54,NIFTYBEES,ETF
107,NIFTYBEES,EQ,15-Jan-2024,241.73,241.73,244.3,241.73,244.3,244.07,243.38,"30,98,957","75,42,09,558.62","39,045","20,62,453",66.55,NIFTYBEES,ETF
108,NIFTYBEES,EQ,16-Jan-2024,244.07,244.6,244.99,242.41,243.01,243.24,243.33,"30,55,350","74,34,67,839.79","28,376","18,54,771",60.71,NIFTYBEES,ETF
109,NIFTYBEES,EQ,17-Jan-2024,243.24,240.99,243.0,238.1,238.5,238.38,239.74,"61,28,145","1,46,91,33,799.44","72,217","42,92,613",70.05,NIFTYBEES,ETF
110,NIFTYBEES,EQ,18-Jan-2024,238.38,237.99,238.21,233.3,237.68,237.51,237.08,"61,70,369","1,46,28,84,482.69","51,698","43,31,835",70.2,NIFTYBEES,ETF
111,NIFTYBEES,EQ,19-Jan-2024,237.51,239.99,239.99,237.75,239.32,239.15,238.91,"27,14,133","64,84,24,731.22","21,149","16,23,831",59.83,NIFTYBEES,ETF
112,NIFTYBEES,EQ,20-Jan-2024,239.15,246.3,246.3,238.5,238.98,238.73,239.27,"15,62,643","37,38,87,260.36","18,212","10,72,799",68.65,NIFTYBEES,ETF
113,NIFTYBEES,EQ,23-Jan-2024,238.73,241.9,241.9,234.5,235.39,234.87,236.86,"53,82,816","1,27,49,68,134.96","72,230","38,68,963",71.88,NIFTYBEES,ETF
114,NIFTYBEES,EQ,24-Jan-2024,234.87,235.68,237.59,233.5,237.58,237.29,235.91,"29,14,009","68,74,30,171.79","32,030","13,38,654",45.94,NIFTYBEES,ETF
115,NIFTYBEES,EQ,25-Jan-2024,237.29,238.0,238.0,235.1,236.7,236.15,235.72,"23,28,302","54,88,29,025.05","29,685","14,20,417",61.01,NIFTYBEES,ETF
116,NIFTYBEES,EQ,29-Jan-2024,236.15,238.0,240.4,236.15,240.24,240.05,239.13,"26,71,344","63,87,92,915.38","36,443","14,15,855",53.0,NIFTYBEES,ETF
117,NIFTYBEES,EQ,30-Jan-2024,240.05,241.99,241.99,237.95,238.19,238.13,238.96,"34,29,480","81,95,16,492.91","30,794","24,97,609",72.83,NIFTYBEES,ETF
118,NIFTYBEES,EQ,31-Jan-2024,238.13,238.78,240.48,237.5,240.24,240.26,239.39,"18,70,884","44,78,70,127.88","22,593","10,44,202",55.81,NIFTYBEES,ETF
119,NIFTYBEES,EQ,01-Feb-2024,240.26,241.99,241.99,239.48,239.96,240.03,240.3,"32,03,160","76,97,10,550.90","36,721","21,16,075",66.06,NIFTYBEES,ETF
120,NIFTYBEES,EQ,02-Feb-2024,240.03,243.4,244.28,240.01,241.6,241.3,242.28,"49,54,136","1,20,02,87,746.75","39,272","25,98,071",52.44,NIFTYBEES,ETF
121,NIFTYBEES,EQ,05-Feb-2024,241.3,248.55,248.55,239.9,240.15,240.24,241.37,"28,62,183","69,08,43,927.51","46,080","15,17,894",53.03,NIFTYBEES,ETF
122,NIFTYBEES,EQ,06-Feb-2024,240.24,247.45,247.45,237.65,242.16,242.01,241.44,"16,90,100","40,80,58,541.30","24,207","8,67,855",51.35,NIFTYBEES,ETF
123,NIFTYBEES,EQ,07-Feb-2024,242.01,249.25,249.25,234.75,242.4,242.35,242.58,"22,35,426","54,22,72,836.40","27,108","13,48,398",60.32,NIFTYBEES,ETF
124,NIFTYBEES,EQ,08-Feb-2024,242.35,242.35,243.38,239.9,240.4,240.28,241.05,"37,57,539","90,57,43,401.67","36,997","26,23,834",69.83,NIFTYBEES,ETF
125,NIFTYBEES,EQ,09-Feb-2024,240.28,240.9,241.02,239.0,240.8,240.78,240.31,"17,52,604","42,11,61,283.09","24,778","9,82,996",56.09,NIFTYBEES,ETF
126,NIFTYBEES,EQ,12-Feb-2024,240.78,241.0,242.5,238.97,239.19,239.32,239.84,"34,49,448","82,73,18,765.53","47,909","23,62,926",68.5,NIFTYBEES,ETF
127,NIFTYBEES,EQ,13-Feb-2024,239.32,246.5,246.5,238.7,240.4,240.59,239.98,"16,15,065","38,75,82,673.40","24,456","7,49,125",46.38,NIFTYBEES,ETF
128,NIFTYBEES,EQ,14-Feb-2024,240.59,239.9,241.99,237.55,241.7,241.55,239.84,"33,43,750","80,19,54,858.59","29,667","17,33,358",51.84,NIFTYBEES,ETF
129,NIFTYBEES,EQ,15-Feb-2024,241.55,242.99,243.0,241.2,242.63,242.72,242.2,"18,20,990","44,10,34,684.84","22,718","10,56,272",58.01,NIFTYBEES,ETF
130,NIFTYBEES,EQ,16-Feb-2024,242.72,244.0,244.23,242.58,244.19,243.99,243.77,"41,34,646","1,00,78,92,155.09","26,522","28,30,395",68.46,NIFTYBEES,ETF
131,NIFTYBEES,EQ,19-Feb-2024,243.99,244.5,245.75,243.58,245.2,245.04,244.94,"25,11,055","61,50,62,799.36","30,618","17,96,903",71.56,NIFTYBEES,ETF
132,NIFTYBEES,EQ,20-Feb-2024,245.04,246.99,246.99,243.01,245.42,245.37,245.03,"21,09,871","51,69,88,897.34","25,143","12,90,956",61.19,NIFTYBEES,ETF
133,NIFTYBEES,EQ,21-Feb-2024,245.37,246.0,246.29,243.5,243.74,243.87,245.09,"33,26,839","81,53,86,871.85","30,408","25,59,883",76.95,NIFTYBEES,ETF
134,NIFTYBEES,EQ,22-Feb-2024,243.87,244.5,246.21,242.45,246.03,245.79,243.85,"29,73,123","72,49,86,694.43","24,489","17,47,967",58.79,NIFTYBEES,ETF
135,NIFTYBEES,EQ,23-Feb-2024,245.79,246.89,246.89,245.16,245.38,245.69,246.12,"24,14,813","59,43,33,556.71","21,873","16,46,139",68.17,NIFTYBEES,ETF
136,NIFTYBEES,EQ,26-Feb-2024,245.69,245.5,246.5,244.02,245.24,244.87,244.92,"19,31,771","47,31,30,119.57","32,612","13,54,998",70.14,NIFTYBEES,ETF
137,NIFTYBEES,EQ,27-Feb-2024,244.87,245.0,245.71,244.0,245.2,245.5,245.11,"24,12,089","59,12,18,940.01","21,988","17,06,051",70.73,NIFTYBEES,ETF
138,NIFTYBEES,EQ,28-Feb-2024,245.5,242.3,246.88,242.3,243.25,243.07,244.04,"25,53,115","62,30,61,082.28","35,033","18,00,622",70.53,NIFTYBEES,ETF
139,NIFTYBEES,EQ,29-Feb-2024,243.07,244.99,244.99,241.01,243.9,243.25,242.97,"32,10,232","78,00,03,533.62","27,444","20,27,252",63.15,NIFTYBEES,ETF
140,NIFTYBEES,EQ,01-Mar-2024,243.25,244.58,246.99,243.05,246.71,246.85,245.98,"21,74,184","53,48,01,029.51","34,733","13,36,223",61.46,NIFTYBEES,ETF
141,NIFTYBEES,EQ,02-Mar-2024,246.85,247.4,248.29,246.56,247.4,247.31,247.33,"3,53,231","8,73,63,758.39","6,087","2,57,729",72.96,NIFTYBEES,ETF
142,NIFTYBEES,EQ,04-Mar-2024,247.31,248.99,249.98,247.08,247.89,247.83,247.86,"32,78,496","81,26,20,589.64","47,519","26,73,329",81.54,NIFTYBEES,ETF
143,NIFTYBEES,EQ,05-Mar-2024,247.83,248.87,248.87,246.71,247.25,247.34,247.24,"19,09,620","47,21,37,612.64","31,615","13,83,167",72.43,NIFTYBEES,ETF
144,NIFTYBEES,EQ,06-Mar-2024,247.34,248.99,248.99,246.1,248.57,248.62,247.15,"24,52,874","60,62,32,482.43","32,022","12,18,950",49.69,NIFTYBEES,ETF
145,NIFTYBEES,EQ,07-Mar-2024,248.62,248.7,249.0,248.13,248.55,248.67,248.67,"24,81,075","61,69,80,160.05","25,244","17,98,176",72.48,NIFTYBEES,ETF
146,NIFTYBEES,EQ,11-Mar-2024,248.67,248.67,249.8,247.02,247.3,247.45,248.17,"26,65,347","66,14,69,983.99","48,193","20,18,375",75.73,NIFTYBEES,ETF
147,NIFTYBEES,EQ,12-Mar-2024,247.45,248.99,248.99,246.01,247.4,247.42,247.6,"34,23,643","84,76,95,513.12","28,568","25,81,895",75.41,NIFTYBEES,ETF
148,NIFTYBEES,EQ,13-Mar-2024,247.42,248.89,248.89,242.75,243.75,243.71,244.93,"64,05,176","1,56,87,93,875.76","59,795","50,74,230",79.22,NIFTYBEES,ETF
149,NIFTYBEES,EQ,14-Mar-2024,243.71,244.38,245.9,242.28,245.31,245.39,244.68,"52,65,364","1,28,83,07,561.28","28,038","39,54,015",75.09,NIFTYBEES,ETF
150,NIFTYBEES,EQ,15-Mar-2024,245.39,244.9,245.38,242.66,243.79,243.8,243.49,"43,00,512","1,04,71,43,919.04","43,330","26,00,905",60.48,NIFTYBEES,ETF
151,NIFTYBEES,EQ,18-Mar-2024,243.8,251.1,251.1,242.58,244.05,243.98,243.89,"24,98,791","60,94,29,815.92","28,994","16,02,000",64.11,NIFTYBEES,ETF
152,NIFTYBEES,EQ,19-Mar-2024,243.98,243.97,243.98,241.37,241.65,241.6,242.07,"50,84,257","1,23,07,37,343.96","51,678","42,18,786",82.98,NIFTYBEES,ETF
153,NIFTYBEES,EQ,20-Mar-2024,241.6,242.99,242.99,240.54,241.84,241.58,241.82,"31,85,502","77,03,31,943.04","26,878","20,48,965",64.32,NIFTYBEES,ETF
154,NIFTYBEES,EQ,21-Mar-2024,241.58,243.8,248.85,242.18,243.99,243.99,243.7,"27,00,220","65,80,37,758.46","18,098","19,78,681",73.28,NIFTYBEES,ETF
155,NIFTYBEES,EQ,22-Mar-2024,243.99,244.78,245.4,242.5,244.54,244.74,244.28,"27,91,975","68,20,10,920.20","23,646","20,08,670",71.94,NIFTYBEES,ETF
156,NIFTYBEES,EQ,26-Mar-2024,244.74,243.25,246.1,241.75,243.73,243.79,244.05,"20,81,929","50,80,96,264.39","33,120","16,22,469",77.93,NIFTYBEES,ETF
157,NIFTYBEES,EQ,27-Mar-2024,243.79,247.0,247.0,240.75,245.0,244.96,244.93,"28,72,065","70,34,50,395.98","22,398","24,29,737",84.6,NIFTYBEES,ETF
158,NIFTYBEES,EQ,28-Mar-2024,244.96,246.1,248.69,243.88,247.1,246.96,247.28,"64,78,348","1,60,19,43,511.32","31,068","30,61,006",47.25,NIFTYBEES,ETF
159,NIFTYBEES,EQ,01-Apr-2024,246.96,254.35,254.35,246.48,248.49,248.19,248.47,"37,90,598","94,18,66,890.79","62,306","24,31,288",64.14,NIFTYBEES,ETF
160,NIFTYBEES,EQ,02-Apr-2024,248.19,248.97,249.48,246.65,248.89,248.65,248.39,"31,49,309","78,22,45,912.40","39,933","26,38,866",83.79,NIFTYBEES,ETF
161,NIFTYBEES,EQ,03-Apr-2024,248.65,248.99,249.48,246.18,248.8,248.59,248.65,"31,98,165","79,52,25,189.96","31,900","23,07,716",72.16,NIFTYBEES,ETF
162,NIFTYBEES,EQ,04-Apr-2024,248.59,249.59,250.6,247.23,249.77,249.23,248.82,"46,08,393","1,14,66,71,708.31","36,544","25,50,674",55.35,NIFTYBEES,ETF
163,NIFTYBEES,EQ,05-Apr-2024,249.23,248.11,250.17,248.1,249.37,249.05,249.07,"34,65,548","86,31,51,185.51","31,630","26,04,673",75.16,NIFTYBEES,ETF
164,NIFTYBEES,EQ,08-Apr-2024,249.05,250.47,250.95,248.18,250.75,250.75,250.26,"39,69,874","99,34,88,545.19","42,848","28,22,843",71.11,NIFTYBEES,ETF
165,NIFTYBEES,EQ,09-Apr-2024,250.75,251.8,252.58,250.38,250.71,250.74,251.08,"23,77,677","59,69,87,000.94","27,470","16,07,394",67.6,NIFTYBEES,ETF
166,NIFTYBEES,EQ,10-Apr-2024,250.74,254.69,254.69,246.2,251.49,251.57,251.23,"19,65,414","49,37,72,308.48","25,525","12,10,443",61.59,NIFTYBEES,ETF
167,NIFTYBEES,EQ,12-Apr-2024,251.57,251.99,253.1,249.21,250.05,249.56,250.28,"43,96,942","1,10,04,83,477.79","51,026","37,51,957",85.33,NIFTYBEES,ETF
168,NIFTYBEES,EQ,15-Apr-2024,249.56,249.48,249.99,245.99,247.08,246.87,247.65,"64,30,760","1,59,25,47,240.08","70,382","48,75,080",75.81,NIFTYBEES,ETF
169,NIFTYBEES,EQ,16-Apr-2024,246.87,246.99,246.99,244.65,246.0,245.52,245.48,"37,97,719","93,22,65,063.09","47,391","30,14,599",79.38,NIFTYBEES,ETF
170,NIFTYBEES,EQ,18-Apr-2024,245.52,252.9,252.9,243.35,244.45,243.94,245.26,"59,26,321","1,45,35,00,778.54","47,099","42,34,330",71.45,NIFTYBEES,ETF
171,NIFTYBEES,EQ,19-Apr-2024,243.94,243.48,245.7,241.31,245.56,245.53,243.44,"57,76,197","1,40,61,63,784.36","50,475","41,08,416",71.13,NIFTYBEES,ETF
172,NIFTYBEES,EQ,22-Apr-2024,245.53,246.09,247.9,245.68,247.85,247.31,246.82,"27,26,803","67,30,42,551.49","36,440","18,33,956",67.26,NIFTYBEES,ETF
173,NIFTYBEES,EQ,23-Apr-2024,247.31,249.99,249.99,246.5,247.73,247.82,247.86,"33,66,922","83,45,29,661.75","26,557","24,08,652",71.54,NIFTYBEES,ETF
174,NIFTYBEES,EQ,24-Apr-2024,247.82,249.75,249.75,247.52,248.1,247.94,248.19,"28,84,108","71,58,18,874.10","24,398","18,18,014",63.04,NIFTYBEES,ETF
175,NIFTYBEES,EQ,25-Apr-2024,247.94,248.99,249.95,246.28,249.38,249.27,248.64,"29,17,065","72,52,93,473.34","27,501","17,86,633",61.25,NIFTYBEES,ETF
176,NIFTYBEES,EQ,26-Apr-2024,249.27,248.58,250.88,248.05,248.8,248.44,248.89,"29,66,668","73,83,74,711.64","30,028","22,29,822",75.16,NIFTYBEES,ETF
177,NIFTYBEES,EQ,29-Apr-2024,248.44,246.3,251.4,246.3,250.25,250.59,249.87,"24,88,639","62,18,41,577.36","34,664","17,92,967",72.05,NIFTYBEES,ETF
178,NIFTYBEES,EQ,30-Apr-2024,250.59,252.99,252.99,247.01,249.98,250.06,251.04,"42,22,247","1,05,99,53,255.85","31,208","32,06,859",75.95,NIFTYBEES,ETF
179,NIFTYBEES,EQ,02-May-2024,250.06,250.99,251.3,249.05,250.89,250.84,250.79,"22,07,630","55,36,59,148.97","46,899","13,24,334",59.99,NIFTYBEES,ETF
180,NIFTYBEES,EQ,03-May-2024,250.84,252.57,252.58,247.66,248.8,248.75,249.1,"53,20,196","1,32,52,80,419.83","67,802","35,50,805",66.74,NIFTYBEES,ETF
181,NIFTYBEES,EQ,06-May-2024,248.75,250.99,250.99,248.0,248.5,248.37,248.81,"30,73,791","76,47,86,922.47","50,180","19,15,676",62.32,NIFTYBEES,ETF
182,NIFTYBEES,EQ,07-May-2024,248.37,253.89,253.89,245.25,247.37,247.11,247.16,"41,33,952","1,02,17,67,916.41","44,382","33,04,781",79.94,NIFTYBEES,ETF
183,NIFTYBEES,EQ,08-May-2024,247.11,249.89,249.89,245.12,247.6,247.24,247.01,"36,89,202","91,12,65,267.54","30,693","28,34,485",76.83,NIFTYBEES,ETF
184,NIFTYBEES,EQ,09-May-2024,247.24,247.87,247.87,243.2,243.79,243.49,244.6,"72,56,780","1,77,50,44,470.84","88,793","59,60,910",82.14,NIFTYBEES,ETF
185,NIFTYBEES,EQ,10-May-2024,243.49,244.01,245.67,243.08,245.1,244.97,244.77,"46,16,640","1,13,00,09,329.89","49,051","37,86,837",82.03,NIFTYBEES,ETF
186,NIFTYBEES,EQ,13-May-2024,244.97,252.3,252.3,242.27,245.48,245.16,243.7,"52,78,644","1,28,64,28,725.87","56,938","37,75,295",71.52,NIFTYBEES,ETF
187,NIFTYBEES,EQ,14-May-2024,245.16,249.89,249.89,243.7,247.0,246.61,246.27,"26,97,896","66,44,22,672.16","26,227","20,54,782",76.16,NIFTYBEES,ETF
188,NIFTYBEES,EQ,15-May-2024,246.61,249.59,249.59,245.0,246.55,246.42,246.39,"35,75,694","88,10,14,873.64","27,792","28,94,550",80.95,NIFTYBEES,ETF
189,NIFTYBEES,EQ,16-May-2024,246.42,247.99,248.5,244.91,248.49,248.18,246.47,"55,22,327","1,36,10,62,346.26","38,602","35,16,083",63.67,NIFTYBEES,ETF
190,NIFTYBEES,EQ,17-May-2024,248.18,249.99,249.99,247.01,248.85,248.73,248.52,"22,52,484","55,97,85,770.70","23,606","15,77,637",70.04,NIFTYBEES,ETF
191,NIFTYBEES,EQ,18-May-2024,248.73,250.99,255.0,248.01,249.0,249.05,249.1,"4,73,819","11,80,26,857.33","5,346","3,75,599",79.27,NIFTYBEES,ETF
192,NIFTYBEES,EQ,21-May-2024,249.05,247.48,250.25,247.48,249.4,249.74,249.54,"24,40,079","60,88,91,487.60","39,882","14,76,894",60.53,NIFTYBEES,ETF
193,NIFTYBEES,EQ,22-May-2024,249.74,250.99,250.99,249.29,250.35,250.36,250.06,"20,04,555","50,12,51,245.18","27,894","13,91,248",69.4,NIFTYBEES,ETF
194,NIFTYBEES,EQ,23-May-2024,250.36,251.99,254.74,249.55,254.39,254.29,252.57,"43,72,965","1,10,44,80,062.38","48,144","33,66,390",76.98,NIFTYBEES,ETF
195,NIFTYBEES,EQ,24-May-2024,254.29,254.67,255.71,253.08,254.99,254.98,254.8,"39,97,986","1,01,86,76,928.59","33,352","28,32,436",70.85,NIFTYBEES,ETF
196,NIFTYBEES,EQ,27-May-2024,254.98,254.18,256.76,254.01,255.02,254.72,255.56,"46,92,320","1,19,91,90,024.31","43,400","35,18,956",74.99,NIFTYBEES,ETF
197,NIFTYBEES,EQ,28-May-2024,254.72,255.57,255.58,254.0,254.05,254.2,254.77,"39,48,285","1,00,58,91,416.24","28,898","31,20,078",79.02,NIFTYBEES,ETF
198,NIFTYBEES,EQ,29-May-2024,254.2,253.88,253.98,252.1,252.58,252.37,252.82,"90,56,708","2,28,97,47,662.31","45,525","74,50,869",82.27,NIFTYBEES,ETF
199,NIFTYBEES,EQ,30-May-2024,252.37,253.85,253.85,249.51,251.0,250.35,250.58,"1,19,38,743","2,99,16,53,052.36","54,986","1,08,57,243",90.94,NIFTYBEES,ETF
200,NIFTYBEES,EQ,31-May-2024,250.35,251.67,252.12,250.0,251.25,251.15,251.03,"93,90,922","2,35,74,49,518.17","41,293","77,99,698",83.06,NIFTYBEES,ETF
201,NIFTYBEES,EQ,03-Jun-2024,251.15,258.7,265.0,252.3,258.3,258.14,257.87,"1,20,24,096","3,10,06,49,227.02","88,533","82,10,017",68.28,NIFTYBEES,ETF
202,NIFTYBEES,EQ,04-Jun-2024,258.14,259.87,260.28,246.5,252.0,250.48,250.16,"3,24,96,763","8,12,93,03,022.61","2,32,259","2,16,92,672",66.75,NIFTYBEES,ETF
203,NIFTYBEES,EQ,05-Jun-2024,250.48,253.99,254.35,242.13,250.95,251.3,247.08,"1,29,06,944","3,18,90,05,669.46","1,17,067","70,08,794",54.3,NIFTYBEES,ETF
204,NIFTYBEES,EQ,06-Jun-2024,251.3,252.99,254.1,250.01,253.3,252.98,252.8,"1,03,76,673","2,62,32,21,406.10","57,488","68,72,857",66.23,NIFTYBEES,ETF
205,NIFTYBEES,EQ,07-Jun-2024,252.98,253.88,258.81,252.19,258.1,258.42,256.16,"1,03,60,501","2,65,39,33,527.57","54,718","73,74,273",71.18,NIFTYBEES,ETF
206,NIFTYBEES,EQ,10-Jun-2024,258.42,259.45,259.62,257.4,257.94,257.94,258.8,"67,36,253","1,74,33,20,076.07","54,548","44,45,415",65.99,NIFTYBEES,ETF
207,NIFTYBEES,EQ,11-Jun-2024,257.94,258.35,259.62,257.02,258.72,258.8,258.77,"52,02,122","1,34,61,65,184.74","38,832","30,48,764",58.61,NIFTYBEES,ETF
208,NIFTYBEES,EQ,12-Jun-2024,258.8,261.99,261.99,257.85,259.42,259.39,259.44,"44,55,590","1,15,59,72,326.72","33,818","28,84,003",64.73,NIFTYBEES,ETF
209,NIFTYBEES,EQ,13-Jun-2024,259.39,260.0,260.74,259.28,260.19,260.3,260.03,"33,90,549","88,16,50,552.60","28,743","22,97,117",67.75,NIFTYBEES,ETF
210,NIFTYBEES,EQ,14-Jun-2024,260.3,260.65,261.0,259.46,260.83,260.65,260.37,"32,45,931","84,51,30,630.73","31,406","23,72,518",73.09,NIFTYBEES,ETF
211,NIFTYBEES,EQ,18-Jun-2024,260.65,260.68,262.5,260.65,261.6,261.56,261.51,"38,18,320","99,85,10,573.12","47,836","28,88,463",75.65,NIFTYBEES,ETF
212,NIFTYBEES,EQ,19-Jun-2024,261.56,262.5,262.68,260.11,261.28,261.38,261.56,"36,72,586","96,06,03,404.87","33,316","24,26,270",66.06,NIFTYBEES,ETF
213,NIFTYBEES,EQ,20-Jun-2024,261.38,261.95,262.35,260.48,261.84,261.72,261.34,"30,72,246","80,29,01,753.17","25,740","22,17,313",72.17,NIFTYBEES,ETF
214,NIFTYBEES,EQ,21-Jun-2024,261.72,263.99,263.99,260.01,260.92,260.87,261.36,"25,41,648","66,42,79,436.30","35,492","14,44,921",56.85,NIFTYBEES,ETF
215,NIFTYBEES,EQ,24-Jun-2024,260.87,260.49,261.94,259.1,261.65,261.66,260.88,"35,09,413","91,55,34,046.34","36,380","23,25,450",66.26,NIFTYBEES,ETF
216,NIFTYBEES,EQ,25-Jun-2024,261.66,262.35,263.9,255.0,263.35,263.59,262.85,"30,82,603","81,02,62,506.64","30,436","20,11,198",65.24,NIFTYBEES,ETF
217,NIFTYBEES,EQ,26-Jun-2024,263.59,264.78,265.25,262.18,264.9,265.01,264.64,"47,30,569","1,25,18,87,350.53","33,810","37,17,975",78.59,NIFTYBEES,ETF
218,NIFTYBEES,EQ,27-Jun-2024,265.01,264.76,267.44,264.4,266.97,266.95,265.98,"43,84,721","1,16,62,59,116.07","37,409","27,50,210",62.72,NIFTYBEES,ETF
219,NIFTYBEES,EQ,28-Jun-2024,266.95,267.88,268.5,266.95,267.5,267.48,267.97,"30,80,540","82,55,03,008.07","35,271","20,96,101",68.04,NIFTYBEES,ETF
220,NIFTYBEES,EQ,01-Jul-2024,267.48,267.99,269.0,267.0,268.45,268.3,268.26,"26,11,003","70,04,36,375.70","64,420","16,10,556",61.68,NIFTYBEES,ETF
221,NIFTYBEES,EQ,02-Jul-2024,268.3,271.99,271.99,268.05,269.13,269.03,268.87,"30,63,439","82,36,56,950.77","64,095","19,58,595",63.93,NIFTYBEES,ETF
222,NIFTYBEES,EQ,03-Jul-2024,269.03,269.38,271.38,269.15,270.48,270.23,270.12,"20,95,570","56,60,55,946.33","41,106","13,40,112",63.95,NIFTYBEES,ETF
223,NIFTYBEES,EQ,04-Jul-2024,270.23,271.49,271.7,270.18,270.73,270.53,270.86,"25,63,485","69,43,35,759.69","39,911","16,62,341",64.85,NIFTYBEES,ETF
224,NIFTYBEES,EQ,05-Jul-2024,270.53,271.99,271.99,269.31,270.97,270.53,270.15,"39,71,873","1,07,30,13,173.87","50,731","27,97,061",70.42,NIFTYBEES,ETF
225,NIFTYBEES,EQ,08-Jul-2024,270.53,270.12,271.45,269.6,270.25,270.04,270.06,"26,32,351","71,08,86,885.68","52,124","17,23,337",65.47,NIFTYBEES,ETF
226,NIFTYBEES,EQ,09-Jul-2024,270.04,270.19,271.49,269.62,271.35,271.38,270.94,"26,27,020","71,17,69,018.20","33,679","20,39,952",77.65,NIFTYBEES,ETF
227,NIFTYBEES,EQ,10-Jul-2024,271.38,272.28,272.28,268.61,270.59,270.92,270.2,"37,95,056","1,02,54,21,405.28","51,583","26,67,934",70.3,NIFTYBEES,ETF
228,NIFTYBEES,EQ,11-Jul-2024,270.92,274.99,274.99,269.52,270.8,270.75,270.52,"18,88,571","51,08,94,407.87","35,649","11,71,262",62.02,NIFTYBEES,ETF
229,NIFTYBEES,EQ,12-Jul-2024,270.75,271.59,273.0,270.62,272.0,271.94,272.04,"35,30,285","96,03,87,995.47","30,025","25,70,626",72.82,NIFTYBEES,ETF
230,NIFTYBEES,EQ,15-Jul-2024,271.94,271.5,273.88,271.5,273.18,273.09,273.17,"24,27,339","66,30,70,248.03","40,049","16,60,169",68.39,NIFTYBEES,ETF
231,NIFTYBEES,EQ,16-Jul-2024,273.09,273.19,274.15,272.4,273.73,273.55,273.68,"18,24,955","49,94,59,587.69","30,199","11,56,741",63.38,NIFTYBEES,ETF
232,NIFTYBEES,EQ,18-Jul-2024,273.55,274.99,275.82,272.1,275.4,275.51,273.96,"38,67,728","1,05,96,01,577.55","46,967","24,76,944",64.04,NIFTYBEES,ETF
233,NIFTYBEES,EQ,19-Jul-2024,275.51,276.48,276.48,273.0,273.61,273.29,273.99,"33,24,928","91,10,06,650.68","46,919","20,85,268",62.72,NIFTYBEES,ETF
234,NIFTYBEES,EQ,22-Jul-2024,273.29,273.3,273.99,271.11,272.68,272.45,272.75,"30,06,223","81,99,57,523.82","53,285","17,35,059",57.72,NIFTYBEES,ETF
235,NIFTYBEES,EQ,23-Jul-2024,272.45,272.75,273.5,268.11,272.55,272.64,271.5,"48,76,326","1,32,39,39,844.25","57,933","27,34,682",56.08,NIFTYBEES,ETF
236,NIFTYBEES,EQ,24-Jul-2024,272.64,272.77,272.78,270.75,272.35,271.89,271.75,"25,48,487","69,25,50,311.15","37,408","14,43,337",56.64,NIFTYBEES,ETF
237,NIFTYBEES,EQ,25-Jul-2024,271.89,270.78,272.3,269.28,272.01,271.92,271.12,"23,19,944","62,89,72,572.92","32,272","15,34,869",66.16,NIFTYBEES,ETF
238,NIFTYBEES,EQ,26-Jul-2024,271.92,272.3,276.25,271.5,276.0,276.06,274.81,"32,23,740","88,59,04,325.09","29,390","21,39,427",66.36,NIFTYBEES,ETF
239,NIFTYBEES,EQ,29-Jul-2024,276.06,276.9,278.2,276.1,276.98,276.68,277.12,"46,17,813","1,27,96,72,618.18","39,201","32,86,841",71.18,NIFTYBEES,ETF
240,NIFTYBEES,EQ,30-Jul-2024,276.68,268.4,277.96,268.4,276.9,277.1,277.15,"24,37,790","67,56,37,669.37","26,107","14,89,232",61.09,NIFTYBEES,ETF
241,NIFTYBEES,EQ,31-Jul-2024,277.1,277.2,278.09,276.8,278.0,277.75,277.52,"22,69,854","62,99,37,150.20","24,117","13,46,561",59.32,NIFTYBEES,ETF
242,NIFTYBEES,EQ,01-Aug-2024,277.75,273.01,279.11,273.01,278.45,278.33,278.46,"21,68,947","60,39,69,140.83","38,985","15,12,557",69.74,NIFTYBEES,ETF
243,NIFTYBEES,EQ,02-Aug-2024,278.33,276.67,277.28,275.5,275.7,275.69,276.31,"40,84,372","1,12,85,56,503.49","61,474","32,62,284",79.87,NIFTYBEES,ETF
244,NIFTYBEES,EQ,05-Aug-2024,275.69,272.99,273.0,266.56,270.6,269.48,269.42,"1,37,51,283","3,70,48,92,954.44","1,85,738","1,01,22,860",73.61,NIFTYBEES,ETF
245,NIFTYBEES,EQ,06-Aug-2024,269.48,271.88,272.94,267.2,268.27,267.61,269.31,"63,02,805","1,69,73,81,381.65","58,145","47,49,008",75.35,NIFTYBEES,ETF
246,NIFTYBEES,EQ,07-Aug-2024,267.61,269.5,271.44,269.18,271.28,271.1,270.57,"38,38,129","1,03,85,00,685.29","30,704","29,70,432",77.39,NIFTYBEES,ETF
247,NIFTYBEES,EQ,08-Aug-2024,271.1,270.75,271.18,268.75,269.18,269.33,269.62,"45,51,976","1,22,72,93,726.70","47,189","36,67,498",80.57,NIFTYBEES,ETF
